user_steamid,friend_steamid
76561198181304338,76561198043335723
76561198181304338,76561198051819891
76561198181304338,76561198064046042
76561198181304338,76561198093456007
76561198181304338,76561198098783505
76561198181304338,76561198103514380
76561198181304338,76561198104073351
76561198181304338,76561198113109970
76561198181304338,76561198120723341
76561198181304338,76561198133604673
76561198181304338,76561198137641413
76561198181304338,76561198138920519
76561198181304338,76561198140312583
76561198181304338,76561198142624795
76561198181304338,76561198151352759
76561198181304338,76561198153416192
76561198181304338,76561198157436029
76561198181304338,76561198157745879
76561198181304338,76561198195166719
76561198181304338,76561198196191411
76561198181304338,76561198202793371
76561198181304338,76561198210453527
76561198181304338,76561198211495673
76561198181304338,76561198213799191
76561198181304338,76561198217491264
76561198181304338,76561198220342807
76561198181304338,76561198220558845
76561198181304338,76561198313456589
76561198181304338,76561198314628673
76561198181304338,76561198355351451
76561198181304338,76561198358722587
76561198181304338,76561198360606049
76561198181304338,76561198367631755
76561198181304338,76561198391705241
76561198181304338,76561198843782898
76561198181304338,76561198843858496
76561198181304338,76561199141606769
76561197960461627,76561197960336908
76561197960461627,76561197960530188
76561197960461627,76561197960660260
76561197960461627,76561197960695849
76561197960461627,76561197960873610
76561197960461627,76561197960946323
76561197960461627,76561197961020476
76561197960461627,76561197961037546
76561197960461627,76561197961399622
76561197960461627,76561197961795976
76561197960461627,76561197962535775
76561197960461627,76561197962658287
76561197960461627,76561197963232632
76561197960461627,76561197963644753
76561197960461627,76561197963728377
76561197960461627,76561197963768492
76561197960461627,76561197963897403
76561197960461627,76561197964633647
76561197960461627,76561197964787256
76561197960461627,76561197965439339
76561197960461627,76561197966223455
76561197960461627,76561197968077525
76561197960461627,76561197968112483
76561197960461627,76561197968952471
76561197960461627,76561197975399776
76561197960461627,76561197976049563
76561197960461627,76561197978174182
76561197960461627,76561197981218770
76561197960461627,76561197983587828
76561197960461627,76561197983789223
76561197960461627,76561197983860137
76561197960461627,76561197984532690
76561197960461627,76561197984769319
76561197960461627,76561197985709704
76561197960461627,76561197987670988
76561197960461627,76561197989495961
76561197960461627,76561197989870734
76561197960461627,76561197990664224
76561197960461627,76561197992806171
76561197960461627,76561197992906683
76561197960461627,76561197998532163
76561197960461627,76561197998903914
76561197960461627,76561198000548863
76561197960461627,76561198007873411
76561197960461627,76561198009749952
76561197960461627,76561198013839733
76561197960461627,76561198015612471
76561197960461627,76561198019339829
76561197960461627,76561198022293247
76561197960461627,76561198031573530
76561197960461627,76561198033282921
76561197960461627,76561198033316992
76561197960461627,76561198037299215
76561197960461627,76561198038185143
76561197960461627,76561198042382546
76561197960461627,76561198045235865
76561197960461627,76561198045396035
76561197960461627,76561198047852777
76561197960461627,76561198049383737
76561197960461627,76561198052396943
76561197960461627,76561198055169069
76561197960461627,76561198055821349
76561197960461627,76561198058104610
76561197960461627,76561198059028640
76561197960461627,76561198062192231
76561197960461627,76561198062459521
76561197960461627,76561198063589710
76561197960461627,76561198063815026
76561197960461627,76561198064599364
76561197960461627,76561198069345446
76561197960461627,76561198084666147
76561197960461627,76561198088575068
76561197960461627,76561198089632485
76561197960461627,76561198102446002
76561197960461627,76561198102793015
76561197960461627,76561198103070465
76561197960461627,76561198108538787
76561197960461627,76561198109096157
76561197960461627,76561198116695083
76561197960461627,76561198121343261
76561197960461627,76561198129588746
76561197960461627,76561198135865756
76561197960461627,76561198165361105
76561197960461627,76561198166988948
76561197960461627,76561198172568279
76561197960461627,76561198176417146
76561197960461627,76561198188489543
76561197960461627,76561198194621794
76561197960461627,76561198198416039
76561197960461627,76561198202793036
76561197960461627,76561198233012376
76561197960461627,76561198238730988
76561197960461627,76561198288081495
76561197960461627,76561198309449265
76561197960461627,76561198311325611
76561197960461627,76561198319631273
76561197960461627,76561198330726132
76561197960461627,76561198333768486
76561197960461627,76561198335362727
76561197960461627,76561198370300760
76561197960461627,76561198382777502
76561197960461627,76561198385919282
76561197960461627,76561198448334202
76561197960461627,76561198448878484
76561197960461627,76561198795899005
76561197960461627,76561198801516184
76561197960461627,76561198811808846
76561197960461627,76561198818419482
76561197960461627,76561198837784579
76561197960461627,76561198840070820
76561197960461627,76561198844109711
76561197960461627,76561198872563552
76561197960461627,76561198877731393
76561197960461627,76561198882826572
76561197960461627,76561198970650009
76561197960461627,76561199041446999
76561197960461627,76561199057172170
76561197960461627,76561199061629715
76561197960461627,76561199073041742
76561197960461627,76561199082292019
76561197960461627,76561199088136402
76561197960461627,76561199248720156
76561197960461627,76561199545045367
76561198043335723,76561197989202739
76561198043335723,76561198011240363
76561198043335723,76561198011455749
76561198043335723,76561198018407941
76561198043335723,76561198026809803
76561198043335723,76561198032809418
76561198043335723,76561198033105454
76561198043335723,76561198043739041
76561198043335723,76561198049735678
76561198043335723,76561198054829456
76561198043335723,76561198066213267
76561198043335723,76561198069307881
76561198043335723,76561198072073704
76561198043335723,76561198072666989
76561198043335723,76561198073075956
76561198043335723,76561198077950438
76561198043335723,76561198079476296
76561198043335723,76561198082710346
76561198043335723,76561198102535824
76561198043335723,76561198103531855
76561198043335723,76561198113109970
76561198043335723,76561198129670444
76561198043335723,76561198130721140
76561198043335723,76561198143612121
76561198043335723,76561198147836245
76561198043335723,76561198154006597
76561198043335723,76561198157436029
76561198043335723,76561198164213040
76561198043335723,76561198179141761
76561198043335723,76561198181304338
76561198043335723,76561198196191411
76561198043335723,76561198197260679
76561198043335723,76561198211330880
76561198043335723,76561198213228856
76561198043335723,76561198217173176
76561198043335723,76561198232698296
76561198043335723,76561198244021156
76561198043335723,76561198258174071
76561198043335723,76561198269044297
76561198043335723,76561198271850638
76561198043335723,76561198272101887
76561198043335723,76561198312590704
76561198043335723,76561198318837511
76561198043335723,76561198324856841
76561198043335723,76561198332656373
76561198043335723,76561198332982148
76561198043335723,76561198346032454
76561198043335723,76561198358722587
76561198043335723,76561198360606049
76561198043335723,76561198378744020
76561198043335723,76561198403783168
76561198043335723,76561198406256486
76561198043335723,76561198843858496
76561198043335723,76561198918273906
76561198043335723,76561198941280705
76561198043335723,76561199018887471
76561198043335723,76561199055512812
76561198043335723,76561199080433590
76561198043335723,76561199118422299
76561198043335723,76561199124585927
76561198043335723,76561199126148220
76561198043335723,76561199208808438
76561198043335723,76561199638226567
76561198043335723,76561199681860449
76561198064046042,76561197960809614
76561198064046042,76561197960894499
76561198064046042,76561197982567727
76561198064046042,76561197985372987
76561198064046042,76561197986354644
76561198064046042,76561197996401698
76561198064046042,76561197998096081
76561198064046042,76561197998388286
76561198064046042,76561198007152270
76561198064046042,76561198011807527
76561198064046042,76561198012002327
76561198064046042,76561198025448277
76561198064046042,76561198026550866
76561198064046042,76561198044751323
76561198064046042,76561198055745873
76561198064046042,76561198059859675
76561198064046042,76561198062404925
76561198064046042,76561198062472914
76561198064046042,76561198065135723
76561198064046042,76561198065203711
76561198064046042,76561198067667202
76561198064046042,76561198071563697
76561198064046042,76561198077950438
76561198064046042,76561198080052079
76561198064046042,76561198086288216
76561198064046042,76561198098783505
76561198064046042,76561198106464998
76561198064046042,76561198114934322
76561198064046042,76561198127594013
76561198064046042,76561198127715621
76561198064046042,76561198129079795
76561198064046042,76561198131166560
76561198064046042,76561198133886519
76561198064046042,76561198135775801
76561198064046042,76561198135781605
76561198064046042,76561198136834830
76561198064046042,76561198137641413
76561198064046042,76561198138365445
76561198064046042,76561198139676316
76561198064046042,76561198139932882
76561198064046042,76561198140156852
76561198064046042,76561198140733091
76561198064046042,76561198153268882
76561198064046042,76561198157436029
76561198064046042,76561198157745879
76561198064046042,76561198163168119
76561198064046042,76561198169237558
76561198064046042,76561198178458037
76561198064046042,76561198181304338
76561198064046042,76561198191592498
76561198064046042,76561198201716097
76561198064046042,76561198202857982
76561198064046042,76561198203295532
76561198064046042,76561198208797945
76561198064046042,76561198210777617
76561198064046042,76561198215511773
76561198064046042,76561198217332029
76561198064046042,76561198220342807
76561198064046042,76561198252595014
76561198064046042,76561198279938819
76561198064046042,76561198281080721
76561198064046042,76561198283770796
76561198064046042,76561198289124708
76561198064046042,76561198300596038
76561198064046042,76561198312406496
76561198064046042,76561198313456589
76561198064046042,76561198318339027
76561198064046042,76561198349793015
76561198064046042,76561198355351451
76561198064046042,76561198446815813
76561198064046042,76561198796475477
76561198064046042,76561198827744191
76561198064046042,76561198987615623
76561198064046042,76561199109996293
76561198093456007,76561198013023668
76561198093456007,76561198029975729
76561198093456007,76561198035724846
76561198093456007,76561198037774873
76561198093456007,76561198051431028
76561198093456007,76561198056657353
76561198093456007,76561198056801474
76561198093456007,76561198059359099
76561198093456007,76561198066648304
76561198093456007,76561198073350479
76561198093456007,76561198073852697
76561198093456007,76561198074442619
76561198093456007,76561198076215528
76561198093456007,76561198079816746
76561198093456007,76561198085770966
76561198093456007,76561198086664641
76561198093456007,76561198086770384
76561198093456007,76561198088981832
76561198093456007,76561198090694350
76561198093456007,76561198092053201
76561198093456007,76561198093419693
76561198093456007,76561198095004147
76561198093456007,76561198097984772
76561198093456007,76561198099790420
76561198093456007,76561198109749175
76561198093456007,76561198110029271
76561198093456007,76561198112442171
76561198093456007,76561198120363332
76561198093456007,76561198130277538
76561198093456007,76561198137641413
76561198093456007,76561198140743355
76561198093456007,76561198142624795
76561198093456007,76561198157436029
76561198093456007,76561198159272155
76561198093456007,76561198173824499
76561198093456007,76561198181304338
76561198093456007,76561198196191411
76561198093456007,76561198210453527
76561198093456007,76561198211495673
76561198093456007,76561198214674460
76561198093456007,76561198220729996
76561198093456007,76561198257207210
76561198093456007,76561198313456589
76561198093456007,76561198314628673
76561198093456007,76561198367631755
76561198093456007,76561198372181544
76561198093456007,76561198400729279
76561198093456007,76561198452211616
76561198093456007,76561198882303652
76561198093456007,76561198988227167
76561198093456007,76561198989317390
76561198093456007,76561199014643384
76561198093456007,76561199060666649
76561198093456007,76561199076569603
76561198093456007,76561199078848665
76561198093456007,76561199104712898
76561198093456007,76561199261065311
76561198113109970,76561197960547092
76561198113109970,76561197989202739
76561198113109970,76561198020261656
76561198113109970,76561198043335723
76561198113109970,76561198058193849
76561198113109970,76561198058764393
76561198113109970,76561198059939204
76561198113109970,76561198060123215
76561198113109970,76561198060416855
76561198113109970,76561198062187473
76561198113109970,76561198062472914
76561198113109970,76561198063101637
76561198113109970,76561198066213267
76561198113109970,76561198066298692
76561198113109970,76561198066700891
76561198113109970,76561198066985347
76561198113109970,76561198067957737
76561198113109970,76561198072073704
76561198113109970,76561198077661191
76561198113109970,76561198077950438
76561198113109970,76561198090204152
76561198113109970,76561198116117785
76561198113109970,76561198124762424
76561198113109970,76561198126693359
76561198113109970,76561198128593460
76561198113109970,76561198137641413
76561198113109970,76561198140718402
76561198113109970,76561198141511435
76561198113109970,76561198143612121
76561198113109970,76561198146312800
76561198113109970,76561198157436029
76561198113109970,76561198160279264
76561198113109970,76561198160858218
76561198113109970,76561198164213040
76561198113109970,76561198170562737
76561198113109970,76561198178363667
76561198113109970,76561198178689719
76561198113109970,76561198181304338
76561198113109970,76561198196950753
76561198113109970,76561198197260679
76561198113109970,76561198202178406
76561198113109970,76561198208861081
76561198113109970,76561198209548876
76561198113109970,76561198218002672
76561198113109970,76561198220342807
76561198113109970,76561198223933240
76561198113109970,76561198234238752
76561198113109970,76561198235819554
76561198113109970,76561198245559298
76561198113109970,76561198247139276
76561198113109970,76561198256379129
76561198113109970,76561198258927188
76561198113109970,76561198260898524
76561198113109970,76561198262018482
76561198113109970,76561198262592979
76561198113109970,76561198262780072
76561198113109970,76561198283306696
76561198113109970,76561198314027415
76561198113109970,76561198328731696
76561198113109970,76561198344205636
76561198113109970,76561198347314002
76561198113109970,76561198358722587
76561198113109970,76561198360606049
76561198113109970,76561198370875272
76561198113109970,76561198372164726
76561198113109970,76561198400729279
76561198113109970,76561198406328823
76561198113109970,76561198433023031
76561198113109970,76561198826742560
76561198113109970,76561198831489828
76561198113109970,76561198843858496
76561198113109970,76561198845258518
76561198113109970,76561198927846274
76561198113109970,76561199014460473
76561198137641413,76561198026603218
76561198137641413,76561198045229664
76561198137641413,76561198054093212
76561198137641413,76561198064046042
76561198137641413,76561198066142156
76561198137641413,76561198066213267
76561198137641413,76561198071026933
76561198137641413,76561198072259713
76561198137641413,76561198075180911
76561198137641413,76561198077950438
76561198137641413,76561198079097244
76561198137641413,76561198093456007
76561198137641413,76561198098783505
76561198137641413,76561198103531855
76561198137641413,76561198104073351
76561198137641413,76561198113109970
76561198137641413,76561198126357945
76561198137641413,76561198131213743
76561198137641413,76561198131383914
76561198137641413,76561198132468959
76561198137641413,76561198133604673
76561198137641413,76561198138847939
76561198137641413,76561198138920519
76561198137641413,76561198140312583
76561198137641413,76561198142624795
76561198137641413,76561198157436029
76561198137641413,76561198157745879
76561198137641413,76561198176736513
76561198137641413,76561198181304338
76561198137641413,76561198185348561
76561198137641413,76561198211495673
76561198137641413,76561198220342807
76561198137641413,76561198241263984
76561198137641413,76561198262827201
76561198137641413,76561198296796217
76561198137641413,76561198305953023
76561198137641413,76561198313456589
76561198137641413,76561198355351451
76561198137641413,76561198360606049
76561198137641413,76561198371944083
76561198137641413,76561198539399716
76561198137641413,76561198804021290
76561198137641413,76561198843782898
76561198137641413,76561198843858496
76561198137641413,76561198918273906
76561198140312583,76561198004558945
76561198140312583,76561198045200092
76561198140312583,76561198049943665
76561198140312583,76561198062479484
76561198140312583,76561198068969146
76561198140312583,76561198078458566
76561198140312583,76561198079454697
76561198140312583,76561198086313189
76561198140312583,76561198115861781
76561198140312583,76561198128497081
76561198140312583,76561198134212484
76561198140312583,76561198137641413
76561198140312583,76561198138920519
76561198140312583,76561198144060295
76561198140312583,76561198152316275
76561198140312583,76561198157436029
76561198140312583,76561198157745879
76561198140312583,76561198159210867
76561198140312583,76561198176519971
76561198140312583,76561198181304338
76561198140312583,76561198182069451
76561198140312583,76561198237320982
76561198140312583,76561198254124311
76561198140312583,76561198255512222
76561198140312583,76561198261041083
76561198142624795,76561197960499707
76561198142624795,76561197960665170
76561198142624795,76561197989202739
76561198142624795,76561198004128400
76561198142624795,76561198037994566
76561198142624795,76561198052982849
76561198142624795,76561198056993229
76561198142624795,76561198066213267
76561198142624795,76561198066298692
76561198142624795,76561198066457967
76561198142624795,76561198075825069
76561198142624795,76561198076293332
76561198142624795,76561198077950438
76561198142624795,76561198087428540
76561198142624795,76561198088459954
76561198142624795,76561198093456007
76561198142624795,76561198096216644
76561198142624795,76561198098783505
76561198142624795,76561198102535824
76561198142624795,76561198104073351
76561198142624795,76561198119817472
76561198142624795,76561198120700582
76561198142624795,76561198125599995
76561198142624795,76561198133604673
76561198142624795,76561198133640926
76561198142624795,76561198137641413
76561198142624795,76561198138920519
76561198142624795,76561198140743355
76561198142624795,76561198151352759
76561198142624795,76561198154755725
76561198142624795,76561198157436029
76561198142624795,76561198157745879
76561198142624795,76561198168982844
76561198142624795,76561198173729775
76561198142624795,76561198181065413
76561198142624795,76561198181304338
76561198142624795,76561198182110859
76561198142624795,76561198192925842
76561198142624795,76561198195166719
76561198142624795,76561198197260679
76561198142624795,76561198199338582
76561198142624795,76561198200136283
76561198142624795,76561198205380109
76561198142624795,76561198209259164
76561198142624795,76561198210453527
76561198142624795,76561198217491264
76561198142624795,76561198238062078
76561198142624795,76561198247060516
76561198142624795,76561198272656764
76561198142624795,76561198272688309
76561198142624795,76561198277608354
76561198142624795,76561198311410079
76561198142624795,76561198311966288
76561198142624795,76561198313456589
76561198142624795,76561198314628673
76561198142624795,76561198319864026
76561198142624795,76561198341304175
76561198142624795,76561198355351451
76561198142624795,76561198355693349
76561198142624795,76561198358722587
76561198142624795,76561198359341531
76561198142624795,76561198360588114
76561198142624795,76561198360606049
76561198142624795,76561198363359795
76561198142624795,76561198371944083
76561198142624795,76561198376177552
76561198142624795,76561198388850712
76561198142624795,76561198400729279
76561198142624795,76561198755441334
76561198142624795,76561198802554457
76561198142624795,76561198843782898
76561198142624795,76561198843858496
76561198142624795,76561198852028878
76561198142624795,76561198874521660
76561198142624795,76561199112775864
76561198142624795,76561199182739229
76561198142624795,76561199211634216
76561198142624795,76561199257846847
76561198142624795,76561199279177839
76561198142624795,76561199574353681
76561198142624795,76561199599111991
76561198151352759,76561197960424336
76561198151352759,76561197997335299
76561198151352759,76561198085899980
76561198151352759,76561198100506221
76561198151352759,76561198107347243
76561198151352759,76561198116337357
76561198151352759,76561198119640152
76561198151352759,76561198133604673
76561198151352759,76561198138181649
76561198151352759,76561198141962571
76561198151352759,76561198142624795
76561198151352759,76561198148464959
76561198151352759,76561198157436029
76561198151352759,76561198181304338
76561198151352759,76561198198266389
76561198151352759,76561198252386888
76561198151352759,76561198282242458
76561198151352759,76561198302324843
76561198151352759,76561198313456589
76561198151352759,76561198321855434
76561198151352759,76561198353058754
76561198151352759,76561198371944083
76561198151352759,76561198380594291
76561198151352759,76561198396990721
76561198151352759,76561198398331403
76561198151352759,76561198410243503
76561198151352759,76561198438191118
76561198151352759,76561198451120994
76561198151352759,76561198750717107
76561198151352759,76561198996848193
76561198151352759,76561199083472498
76561198151352759,76561199243061657
76561198153416192,76561198022373841
76561198153416192,76561198070926572
76561198153416192,76561198133604673
76561198153416192,76561198157436029
76561198153416192,76561198180498426
76561198153416192,76561198181304338
76561198153416192,76561198197392034
76561198153416192,76561198211495673
76561198153416192,76561198270943482
76561198153416192,76561198313456589
76561198153416192,76561198371944083
76561198153416192,76561198843782898
76561198153416192,76561199049761593
76561198153416192,76561199072552190
76561198153416192,76561199072680004
76561198153416192,76561199078665755
76561198153416192,76561199439742948
76561198157436029,76561197989202739
76561198157436029,76561198039288722
76561198157436029,76561198040926350
76561198157436029,76561198043335723
76561198157436029,76561198045359858
76561198157436029,76561198054093212
76561198157436029,76561198056993229
76561198157436029,76561198062554260
76561198157436029,76561198064046042
76561198157436029,76561198065260098
76561198157436029,76561198066213267
76561198157436029,76561198066298692
76561198157436029,76561198072073704
76561198157436029,76561198077950438
76561198157436029,76561198080030086
76561198157436029,76561198087428540
76561198157436029,76561198093456007
76561198157436029,76561198098783505
76561198157436029,76561198102535824
76561198157436029,76561198104073351
76561198157436029,76561198107908673
76561198157436029,76561198109749175
76561198157436029,76561198113109970
76561198157436029,76561198113698506
76561198157436029,76561198115274415
76561198157436029,76561198119526259
76561198157436029,76561198120033292
76561198157436029,76561198126303719
76561198157436029,76561198127715621
76561198157436029,76561198132277143
76561198157436029,76561198132372926
76561198157436029,76561198133604673
76561198157436029,76561198133722667
76561198157436029,76561198134791576
76561198157436029,76561198135006458
76561198157436029,76561198137641413
76561198157436029,76561198138920519
76561198157436029,76561198140312583
76561198157436029,76561198140743355
76561198157436029,76561198142624795
76561198157436029,76561198142857118
76561198157436029,76561198151352759
76561198157436029,76561198153416192
76561198157436029,76561198154755725
76561198157436029,76561198157745879
76561198157436029,76561198169939550
76561198157436029,76561198178458037
76561198157436029,76561198181304338
76561198157436029,76561198195166719
76561198157436029,76561198196191411
76561198157436029,76561198197260679
76561198157436029,76561198208662525
76561198157436029,76561198210453527
76561198157436029,76561198211495673
76561198157436029,76561198217491264
76561198157436029,76561198220342807
76561198157436029,76561198220558845
76561198157436029,76561198253412135
76561198157436029,76561198262592979
76561198157436029,76561198267739731
76561198157436029,76561198313456589
76561198157436029,76561198317251371
76561198157436029,76561198334264187
76561198157436029,76561198355351451
76561198157436029,76561198358722587
76561198157436029,76561198359341531
76561198157436029,76561198360606049
76561198157436029,76561198367631755
76561198157436029,76561198371944083
76561198157436029,76561198400729279
76561198157436029,76561198406328823
76561198157436029,76561198429172306
76561198157436029,76561198843782898
76561198157436029,76561198843858496
76561198157436029,76561198868979476
76561198157436029,76561198918273906
76561198157436029,76561199021386468
76561198157436029,76561199124585927
76561198157436029,76561199682611566
76561198196191411,76561197963293843
76561198196191411,76561197968443902
76561198196191411,76561197968633696
76561198196191411,76561197972360379
76561198196191411,76561197989202739
76561198196191411,76561197999942134
76561198196191411,76561198004236703
76561198196191411,76561198008262966
76561198196191411,76561198010636992
76561198196191411,76561198010707003
76561198196191411,76561198011240363
76561198196191411,76561198013019463
76561198196191411,76561198013023668
76561198196191411,76561198013255521
76561198196191411,76561198015034116
76561198196191411,76561198015070315
76561198196191411,76561198015108496
76561198196191411,76561198017949191
76561198196191411,76561198024986458
76561198196191411,76561198025527545
76561198196191411,76561198025810326
76561198196191411,76561198031980898
76561198196191411,76561198037110848
76561198196191411,76561198039997435
76561198196191411,76561198040297000
76561198196191411,76561198043335723
76561198196191411,76561198043905164
76561198196191411,76561198044781004
76561198196191411,76561198047572767
76561198196191411,76561198048992536
76561198196191411,76561198049254547
76561198196191411,76561198049896889
76561198196191411,76561198050396742
76561198196191411,76561198050443217
76561198196191411,76561198051193035
76561198196191411,76561198051420811
76561198196191411,76561198052846054
76561198196191411,76561198053747026
76561198196191411,76561198055751505
76561198196191411,76561198055797894
76561198196191411,76561198059071489
76561198196191411,76561198059184551
76561198196191411,76561198059419589
76561198196191411,76561198059737909
76561198196191411,76561198061442149
76561198196191411,76561198062425416
76561198196191411,76561198062922146
76561198196191411,76561198064374512
76561198196191411,76561198065281167
76561198196191411,76561198065842276
76561198196191411,76561198066648304
76561198196191411,76561198067403311
76561198196191411,76561198067607166
76561198196191411,76561198067700031
76561198196191411,76561198067780565
76561198196191411,76561198067788569
76561198196191411,76561198067957737
76561198196191411,76561198069393071
76561198196191411,76561198070083890
76561198196191411,76561198070395467
76561198196191411,76561198070541042
76561198196191411,76561198071952604
76561198196191411,76561198072115209
76561198196191411,76561198072543314
76561198196191411,76561198073174823
76561198196191411,76561198073851111
76561198196191411,76561198078981775
76561198196191411,76561198080179568
76561198196191411,76561198080487957
76561198196191411,76561198081289270
76561198196191411,76561198082438578
76561198196191411,76561198083169493
76561198196191411,76561198083652447
76561198196191411,76561198084863938
76561198196191411,76561198085795177
76561198196191411,76561198086475620
76561198196191411,76561198087881791
76561198196191411,76561198088459954
76561198196191411,76561198088533549
76561198196191411,76561198090694350
76561198196191411,76561198090829296
76561198196191411,76561198091338989
76561198196191411,76561198092618478
76561198196191411,76561198093031738
76561198196191411,76561198093456007
76561198196191411,76561198093791418
76561198196191411,76561198094147140
76561198196191411,76561198095914289
76561198196191411,76561198097568263
76561198196191411,76561198097983927
76561198196191411,76561198099790420
76561198196191411,76561198101848562
76561198196191411,76561198102282740
76561198196191411,76561198105849167
76561198196191411,76561198108262394
76561198196191411,76561198108292770
76561198196191411,76561198109749175
76561198196191411,76561198109764697
76561198196191411,76561198110019410
76561198196191411,76561198110839017
76561198196191411,76561198111177197
76561198196191411,76561198112924660
76561198196191411,76561198113862102
76561198196191411,76561198118889401
76561198196191411,76561198120906981
76561198196191411,76561198123884988
76561198196191411,76561198124010935
76561198196191411,76561198124752051
76561198196191411,76561198125513433
76561198196191411,76561198130158256
76561198196191411,76561198131422813
76561198196191411,76561198131688057
76561198196191411,76561198132720023
76561198196191411,76561198133092565
76561198196191411,76561198133319499
76561198196191411,76561198133604673
76561198196191411,76561198136759282
76561198196191411,76561198139171368
76561198196191411,76561198140316312
76561198196191411,76561198141862365
76561198196191411,76561198146903978
76561198196191411,76561198147999676
76561198196191411,76561198149203493
76561198196191411,76561198151572595
76561198196191411,76561198151658068
76561198196191411,76561198154762426
76561198196191411,76561198155883242
76561198196191411,76561198157436029
76561198196191411,76561198160513092
76561198196191411,76561198162443052
76561198196191411,76561198162905384
76561198196191411,76561198165860790
76561198196191411,76561198170562737
76561198196191411,76561198173824499
76561198196191411,76561198175309775
76561198196191411,76561198176020335
76561198196191411,76561198178458037
76561198196191411,76561198179211290
76561198196191411,76561198181304338
76561198196191411,76561198182300889
76561198196191411,76561198192223446
76561198196191411,76561198195412878
76561198196191411,76561198197904041
76561198196191411,76561198202989116
76561198196191411,76561198204864807
76561198196191411,76561198204892861
76561198196191411,76561198205380109
76561198196191411,76561198206822244
76561198196191411,76561198208173476
76561198196191411,76561198209537941
76561198196191411,76561198211495673
76561198196191411,76561198214474129
76561198196191411,76561198215874343
76561198196191411,76561198217100151
76561198196191411,76561198217103553
76561198196191411,76561198219228563
76561198196191411,76561198220342807
76561198196191411,76561198229872056
76561198196191411,76561198237340882
76561198196191411,76561198249400186
76561198196191411,76561198254691335
76561198196191411,76561198255145162
76561198196191411,76561198257484776
76561198196191411,76561198258915367
76561198196191411,76561198263449443
76561198196191411,76561198265663544
76561198196191411,76561198267189538
76561198196191411,76561198271699392
76561198196191411,76561198290002694
76561198196191411,76561198294650349
76561198196191411,76561198299741690
76561198196191411,76561198307230510
76561198196191411,76561198307621185
76561198196191411,76561198313456589
76561198196191411,76561198320189927
76561198196191411,76561198320649685
76561198196191411,76561198342161127
76561198196191411,76561198349521451
76561198196191411,76561198352826019
76561198196191411,76561198354652703
76561198196191411,76561198355351451
76561198196191411,76561198357077676
76561198196191411,76561198367631755
76561198196191411,76561198371992473
76561198196191411,76561198378736040
76561198196191411,76561198400729279
76561198196191411,76561198427083372
76561198196191411,76561198441765991
76561198196191411,76561198443720499
76561198196191411,76561198800422976
76561198196191411,76561198802554457
76561198196191411,76561198824847948
76561198196191411,76561198843803360
76561198196191411,76561198844022506
76561198196191411,76561198856698693
76561198196191411,76561198857193675
76561198196191411,76561198860735519
76561198196191411,76561198875170899
76561198196191411,76561198876760844
76561198196191411,76561198985472241
76561198196191411,76561199012683586
76561198196191411,76561199019547132
76561198196191411,76561199033183420
76561198196191411,76561199049905938
76561198196191411,76561199063340462
76561198196191411,76561199076569603
76561198196191411,76561199122163425
76561198196191411,76561199147561241
76561198196191411,76561199155743443
76561198196191411,76561199186588928
76561198196191411,76561199211176967
76561198196191411,76561199381155761
76561198196191411,76561199414013383
76561198196191411,76561199500189614
76561198196191411,76561199523370632
76561198196191411,76561199545973631
76561198196191411,76561199646166958
76561198196191411,76561199666006292
76561198196191411,76561199754001041
76561198211495673,76561198044781004
76561198211495673,76561198060367896
76561198211495673,76561198066213267
76561198211495673,76561198073174823
76561198211495673,76561198077950438
76561198211495673,76561198093456007
76561198211495673,76561198098783505
76561198211495673,76561198104073351
76561198211495673,76561198109749175
76561198211495673,76561198133604673
76561198211495673,76561198137641413
76561198211495673,76561198147478906
76561198211495673,76561198153416192
76561198211495673,76561198157436029
76561198211495673,76561198157745879
76561198211495673,76561198181304338
76561198211495673,76561198196191411
76561198211495673,76561198199306487
76561198211495673,76561198218061705
76561198211495673,76561198220342807
76561198211495673,76561198237710750
76561198211495673,76561198267728080
76561198211495673,76561198276179218
76561198211495673,76561198277608354
76561198211495673,76561198294968369
76561198211495673,76561198313456589
76561198211495673,76561198317991766
76561198211495673,76561198326113348
76561198211495673,76561198353619459
76561198211495673,76561198360606049
76561198211495673,76561198396572975
76561198211495673,76561198429172306
76561198211495673,76561198452211616
76561198211495673,76561198799221839
76561198211495673,76561198799976374
76561198211495673,76561198827890603
76561198211495673,76561198843782898
76561198211495673,76561198843858496
76561198211495673,76561198918273906
76561198211495673,76561199113490549
76561198220342807,76561197983033667
76561198220342807,76561197986354644
76561198220342807,76561197986939301
76561198220342807,76561198015554288
76561198220342807,76561198015559512
76561198220342807,76561198028391217
76561198220342807,76561198040926350
76561198220342807,76561198042236165
76561198220342807,76561198045106349
76561198220342807,76561198045185437
76561198220342807,76561198047616421
76561198220342807,76561198048070080
76561198220342807,76561198055745873
76561198220342807,76561198055797894
76561198220342807,76561198062472914
76561198220342807,76561198062554260
76561198220342807,76561198064046042
76561198220342807,76561198065203711
76561198220342807,76561198066213267
76561198220342807,76561198066271978
76561198220342807,76561198066298692
76561198220342807,76561198066700891
76561198220342807,76561198067403311
76561198220342807,76561198067667202
76561198220342807,76561198070956123
76561198220342807,76561198072073704
76561198220342807,76561198072482694
76561198220342807,76561198076925726
76561198220342807,76561198077950438
76561198220342807,76561198084927622
76561198220342807,76561198087881791
76561198220342807,76561198095010849
76561198220342807,76561198098783505
76561198220342807,76561198102535824
76561198220342807,76561198104073351
76561198220342807,76561198105542693
76561198220342807,76561198109309941
76561198220342807,76561198112591568
76561198220342807,76561198113109970
76561198220342807,76561198113698506
76561198220342807,76561198118771276
76561198220342807,76561198121966310
76561198220342807,76561198123356237
76561198220342807,76561198127715621
76561198220342807,76561198128474757
76561198220342807,76561198129747509
76561198220342807,76561198132372926
76561198220342807,76561198133722667
76561198220342807,76561198136834830
76561198220342807,76561198137641413
76561198220342807,76561198142857118
76561198220342807,76561198145185585
76561198220342807,76561198150331009
76561198220342807,76561198154755725
76561198220342807,76561198156135570
76561198220342807,76561198157436029
76561198220342807,76561198157745879
76561198220342807,76561198164213040
76561198220342807,76561198165669499
76561198220342807,76561198165837160
76561198220342807,76561198172751127
76561198220342807,76561198178458037
76561198220342807,76561198181234353
76561198220342807,76561198181304338
76561198220342807,76561198185115094
76561198220342807,76561198188820842
76561198220342807,76561198196191411
76561198220342807,76561198197260679
76561198220342807,76561198211495673
76561198220342807,76561198220026659
76561198220342807,76561198233106276
76561198220342807,76561198250953498
76561198220342807,76561198252319412
76561198220342807,76561198253412135
76561198220342807,76561198262592979
76561198220342807,76561198262780072
76561198220342807,76561198264609747
76561198220342807,76561198264721999
76561198220342807,76561198272393502
76561198220342807,76561198305826971
76561198220342807,76561198309315377
76561198220342807,76561198313456589
76561198220342807,76561198358722587
76561198220342807,76561198360606049
76561198220342807,76561198390318030
76561198220342807,76561198401758698
76561198220342807,76561198404416892
76561198220342807,76561198406328823
76561198220342807,76561198429172306
76561198220342807,76561198843858496
76561198220342807,76561198918273906
76561198220342807,76561198968095637
76561198220342807,76561199092821215
76561198220342807,76561199119328357
76561198220342807,76561199150985979
76561198313456589,76561197971007749
76561198313456589,76561198013682420
76561198313456589,76561198022294073
76561198313456589,76561198025034600
76561198313456589,76561198026152911
76561198313456589,76561198028271406
76561198313456589,76561198029975729
76561198313456589,76561198060040229
76561198313456589,76561198064046042
76561198313456589,76561198066298692
76561198313456589,76561198086313189
76561198313456589,76561198087428540
76561198313456589,76561198093456007
76561198313456589,76561198098783505
76561198313456589,76561198104073351
76561198313456589,76561198119632692
76561198313456589,76561198132277143
76561198313456589,76561198133604673
76561198313456589,76561198137641413
76561198313456589,76561198138920519
76561198313456589,76561198142624795
76561198313456589,76561198151352759
76561198313456589,76561198153416192
76561198313456589,76561198157436029
76561198313456589,76561198157745879
76561198313456589,76561198176736513
76561198313456589,76561198178458037
76561198313456589,76561198179320797
76561198313456589,76561198181304338
76561198313456589,76561198195166719
76561198313456589,76561198196191411
76561198313456589,76561198202793371
76561198313456589,76561198202898101
76561198313456589,76561198210453527
76561198313456589,76561198211495673
76561198313456589,76561198217491264
76561198313456589,76561198220342807
76561198313456589,76561198240363928
76561198313456589,76561198244841998
76561198313456589,76561198267677831
76561198313456589,76561198267728080
76561198313456589,76561198277608354
76561198313456589,76561198283951501
76561198313456589,76561198294968369
76561198313456589,76561198296796217
76561198313456589,76561198354017725
76561198313456589,76561198355351451
76561198313456589,76561198358722587
76561198313456589,76561198359341531
76561198313456589,76561198363959657
76561198313456589,76561198371944083
76561198313456589,76561198390318030
76561198313456589,76561198409421809
76561198313456589,76561198429172306
76561198313456589,76561198800019279
76561198313456589,76561198842563320
76561198313456589,76561198843782898
76561198313456589,76561198843858496
76561198313456589,76561198872927461
76561198313456589,76561198918273906
76561198313456589,76561199350829720
76561198313456589,76561199444077705
76561198313456589,76561199545999137
76561197961020476,76561197960364046
76561197961020476,76561197960374751
76561197961020476,76561197960394432
76561197961020476,76561197960456760
76561197961020476,76561197960461627
76561197961020476,76561197960660260
76561197961020476,76561197960695849
76561197961020476,76561197960861988
76561197961020476,76561197960873610
76561197961020476,76561197961225948
76561197961020476,76561197961367523
76561197961020476,76561197961399622
76561197961020476,76561197961795976
76561197961020476,76561197962026275
76561197961020476,76561197962026903
76561197961020476,76561197962142349
76561197961020476,76561197962155140
76561197961020476,76561197962535775
76561197961020476,76561197963601734
76561197961020476,76561197963728377
76561197961020476,76561197963733228
76561197961020476,76561197963897403
76561197961020476,76561197964123378
76561197961020476,76561197964308615
76561197961020476,76561197965068764
76561197961020476,76561197965439339
76561197961020476,76561197965978683
76561197961020476,76561197966366351
76561197961020476,76561197967041920
76561197961020476,76561197967593434
76561197961020476,76561197967720492
76561197961020476,76561197968078595
76561197961020476,76561197968160681
76561197961020476,76561197968175030
76561197961020476,76561197968952471
76561197961020476,76561197969578141
76561197961020476,76561197970517582
76561197961020476,76561197972285357
76561197961020476,76561197973584956
76561197961020476,76561197974710981
76561197961020476,76561197975454215
76561197961020476,76561197975511880
76561197961020476,76561197976049563
76561197961020476,76561197976451370
76561197961020476,76561197977801597
76561197961020476,76561197978194829
76561197961020476,76561197978609263
76561197961020476,76561197979106527
76561197961020476,76561197979250972
76561197961020476,76561197980173543
76561197961020476,76561197981425031
76561197961020476,76561197982545420
76561197961020476,76561197982951817
76561197961020476,76561197983271580
76561197961020476,76561197983587828
76561197961020476,76561197983626010
76561197961020476,76561197983860137
76561197961020476,76561197985080014
76561197961020476,76561197985227930
76561197961020476,76561197985709704
76561197961020476,76561197986014746
76561197961020476,76561197986278622
76561197961020476,76561197986883711
76561197961020476,76561197988450357
76561197961020476,76561197989718388
76561197961020476,76561197990297399
76561197961020476,76561197992011879
76561197961020476,76561197992321095
76561197961020476,76561197992610369
76561197961020476,76561197992806171
76561197961020476,76561197995279555
76561197961020476,76561197995901209
76561197961020476,76561197997992950
76561197961020476,76561198000342736
76561197961020476,76561198001389680
76561197961020476,76561198005091128
76561197961020476,76561198008391851
76561197961020476,76561198008952350
76561197961020476,76561198010578579
76561197961020476,76561198010905516
76561197961020476,76561198012234256
76561197961020476,76561198013875292
76561197961020476,76561198014615233
76561197961020476,76561198016947100
76561197961020476,76561198019339829
76561197961020476,76561198019532326
76561197961020476,76561198019553567
76561197961020476,76561198024474782
76561197961020476,76561198025204969
76561197961020476,76561198027825191
76561197961020476,76561198028043393
76561197961020476,76561198033345353
76561197961020476,76561198034654938
76561197961020476,76561198037654884
76561197961020476,76561198041343967
76561197961020476,76561198042343443
76561197961020476,76561198042994795
76561197961020476,76561198043899164
76561197961020476,76561198044731344
76561197961020476,76561198045235865
76561197961020476,76561198045242483
76561197961020476,76561198045648383
76561197961020476,76561198047852777
76561197961020476,76561198048239392
76561197961020476,76561198048554524
76561197961020476,76561198055610130
76561197961020476,76561198061934232
76561197961020476,76561198062459521
76561197961020476,76561198064312812
76561197961020476,76561198065091311
76561197961020476,76561198065814323
76561197961020476,76561198066424548
76561197961020476,76561198071292063
76561197961020476,76561198071427442
76561197961020476,76561198074293161
76561197961020476,76561198074376884
76561197961020476,76561198076255857
76561197961020476,76561198077268615
76561197961020476,76561198078665602
76561197961020476,76561198082142977
76561197961020476,76561198083482393
76561197961020476,76561198085002834
76561197961020476,76561198085177829
76561197961020476,76561198086260743
76561197961020476,76561198088407432
76561197961020476,76561198089961910
76561197961020476,76561198096746329
76561197961020476,76561198101515801
76561197961020476,76561198105083003
76561197961020476,76561198106053233
76561197961020476,76561198108538787
76561197961020476,76561198110989955
76561197961020476,76561198116695083
76561197961020476,76561198125905232
76561197961020476,76561198139074085
76561197961020476,76561198142793139
76561197961020476,76561198143314478
76561197961020476,76561198143349499
76561197961020476,76561198144187182
76561197961020476,76561198188489543
76561197961020476,76561198194621794
76561197961020476,76561198200995466
76561197961020476,76561198231555088
76561197961020476,76561198236692140
76561197961020476,76561198254070814
76561197961020476,76561198263139793
76561197961020476,76561198263999950
76561197961020476,76561198279280718
76561197961020476,76561198280419820
76561197961020476,76561198286992296
76561197961020476,76561198289041992
76561197961020476,76561198300385424
76561197961020476,76561198308099722
76561197961020476,76561198311325611
76561197961020476,76561198313708002
76561197961020476,76561198319631273
76561197961020476,76561198343146594
76561197961020476,76561198370300760
76561197961020476,76561198402813533
76561197961020476,76561198403733362
76561197961020476,76561198448486042
76561197961020476,76561198795899005
76561197961020476,76561198801516184
76561197961020476,76561198843007296
76561197961020476,76561199004743252
76561197961020476,76561199017820438
76561197961020476,76561199031320087
76561197961020476,76561199034633617
76561197961020476,76561199038591867
76561197961020476,76561199041497229
76561197961020476,76561199064190243
76561197961020476,76561199098942712
76561197961020476,76561199232040916
76561197961020476,76561199245663945
76561197961020476,76561199385617955
76561197961020476,76561199427262888
76561197961020476,76561199469638461
76561197961020476,76561199472641923
76561197961020476,76561199544238776
76561197961020476,76561199548953484
76561197961020476,76561199753419071
76561197963232632,76561197960285842
76561197963232632,76561197960415514
76561197963232632,76561197960416446
76561197963232632,76561197960461627
76561197963232632,76561197960649502
76561197963232632,76561197960704758
76561197963232632,76561197960824743
76561197963232632,76561197960963345
76561197963232632,76561197961037878
76561197963232632,76561197961087748
76561197963232632,76561197961225948
76561197963232632,76561197962284791
76561197963232632,76561197962690308
76561197963232632,76561197962747721
76561197963232632,76561197963644753
76561197963232632,76561197963852218
76561197963232632,76561197964448540
76561197963232632,76561197964633647
76561197963232632,76561197965486283
76561197963232632,76561197966060069
76561197963232632,76561197967017263
76561197963232632,76561197967775326
76561197963232632,76561197969571851
76561197963232632,76561197969684571
76561197963232632,76561197970096546
76561197963232632,76561197970231085
76561197963232632,76561197974693727
76561197963232632,76561197976570207
76561197963232632,76561197979892883
76561197963232632,76561197980765740
76561197963232632,76561197980844966
76561197963232632,76561197981762780
76561197963232632,76561197982994566
76561197963232632,76561197983737053
76561197963232632,76561197983860137
76561197963232632,76561197983887290
76561197963232632,76561197986619773
76561197963232632,76561197987181129
76561197963232632,76561197987550829
76561197963232632,76561197989312020
76561197963232632,76561197989433822
76561197963232632,76561197990729774
76561197963232632,76561197993997363
76561197963232632,76561197996288915
76561197963232632,76561197999032944
76561197963232632,76561198000548863
76561197963232632,76561198000998542
76561197963232632,76561198003431530
76561197963232632,76561198006294301
76561197963232632,76561198014837615
76561197963232632,76561198019227032
76561197963232632,76561198021585878
76561197963232632,76561198022293247
76561197963232632,76561198027755947
76561197963232632,76561198029975643
76561197963232632,76561198030299984
76561197963232632,76561198030548538
76561197963232632,76561198031160815
76561197963232632,76561198031444373
76561197963232632,76561198031573530
76561197963232632,76561198032502095
76561197963232632,76561198033732882
76561197963232632,76561198034983491
76561197963232632,76561198034999316
76561197963232632,76561198038024783
76561197963232632,76561198040186789
76561197963232632,76561198041007561
76561197963232632,76561198041319683
76561197963232632,76561198041540368
76561197963232632,76561198043196791
76561197963232632,76561198045235865
76561197963232632,76561198045396035
76561197963232632,76561198045746240
76561197963232632,76561198047852777
76561197963232632,76561198048239392
76561197963232632,76561198052291227
76561197963232632,76561198053042255
76561197963232632,76561198057788104
76561197963232632,76561198057892862
76561197963232632,76561198058634587
76561197963232632,76561198059839656
76561197963232632,76561198061580538
76561197963232632,76561198062459521
76561197963232632,76561198064011990
76561197963232632,76561198070479561
76561197963232632,76561198079863392
76561197963232632,76561198083695002
76561197963232632,76561198108538787
76561197963232632,76561198118968410
76561197963232632,76561198143496621
76561197963232632,76561198156518372
76561197963232632,76561198164690403
76561197963232632,76561198173607014
76561197963232632,76561198176517707
76561197963232632,76561198198363442
76561197963232632,76561198263775675
76561197963232632,76561198304227077
76561197963232632,76561198808751426
76561197963232632,76561198968562593
76561197963232632,76561199057309293
76561197963644753,76561197960271742
76561197963644753,76561197960274060
76561197963644753,76561197960333923
76561197963644753,76561197960416446
76561197963644753,76561197960461627
76561197963644753,76561197961632730
76561197963644753,76561197961994067
76561197963644753,76561197962075573
76561197963644753,76561197962164571
76561197963644753,76561197962284791
76561197963644753,76561197962362568
76561197963644753,76561197962378054
76561197963644753,76561197962747721
76561197963644753,76561197963232632
76561197963644753,76561197963636047
76561197963644753,76561197964633647
76561197963644753,76561197964923095
76561197963644753,76561197965646256
76561197963644753,76561197965999373
76561197963644753,76561197967775326
76561197963644753,76561197967813691
76561197963644753,76561197970096546
76561197963644753,76561197972323532
76561197963644753,76561197976570655
76561197963644753,76561197983104288
76561197963644753,76561197984155876
76561197963644753,76561197988164239
76561197963644753,76561197989827558
76561197963644753,76561197989870734
76561197963644753,76561197993997363
76561197963644753,76561197996423840
76561197963644753,76561197997097809
76561197963644753,76561197999565514
76561197963644753,76561198000548863
76561197963644753,76561198000789380
76561197963644753,76561198001292125
76561197963644753,76561198005439466
76561197963644753,76561198011520318
76561197963644753,76561198016625462
76561197963644753,76561198017278909
76561197963644753,76561198038024783
76561197963644753,76561198038078364
76561197963644753,76561198041540368
76561197963644753,76561198043196791
76561197963644753,76561198045396035
76561197963644753,76561198052024318
76561197963644753,76561198058634587
76561197963644753,76561198059839656
76561197963644753,76561198064599364
76561197963644753,76561198079111721
76561197963644753,76561198093629124
76561197963644753,76561198118968410
76561197963644753,76561198129011688
76561197963644753,76561198143496621
76561197963644753,76561198156518372
76561197963644753,76561198157076398
76561197963644753,76561198162263345
76561197963644753,76561198162869772
76561197963644753,76561198182783790
76561197963644753,76561198204173409
76561197963644753,76561198220107359
76561197963644753,76561198240550792
76561197963644753,76561198333768486
76561197963644753,76561198348271350
76561197963644753,76561198419080652
76561197963644753,76561198857289470
76561197963644753,76561198973574022
76561197964787256,76561197960461627
76561197964787256,76561197961956078
76561197964787256,76561197972149230
76561197964787256,76561197977694275
76561197964787256,76561197989779542
76561197964787256,76561198045235865
76561197964787256,76561198058184229
76561197964787256,76561198116750912
76561197964787256,76561198257870934
76561197964787256,76561198357840690
76561197964787256,76561198447911228
76561197964787256,76561198828129973
76561197964787256,76561198841671447
76561197985709704,76561197960336908
76561197985709704,76561197960461627
76561197985709704,76561197960694845
76561197985709704,76561197960695849
76561197985709704,76561197960713987
76561197985709704,76561197961020476
76561197985709704,76561197961399622
76561197985709704,76561197961438667
76561197985709704,76561197962286847
76561197985709704,76561197963621645
76561197985709704,76561197965644030
76561197985709704,76561197965978683
76561197985709704,76561197966606987
76561197985709704,76561197967582465
76561197985709704,76561197969185907
76561197985709704,76561197970347481
76561197985709704,76561197975194847
76561197985709704,76561197980765740
76561197985709704,76561197981102447
76561197985709704,76561197983409727
76561197985709704,76561197983860137
76561197985709704,76561197987809854
76561197985709704,76561197988450357
76561197985709704,76561197989870734
76561197985709704,76561197992011879
76561197985709704,76561197993928033
76561197985709704,76561197994240368
76561197985709704,76561197998903914
76561197985709704,76561198001802635
76561197985709704,76561198009749952
76561197985709704,76561198011495844
76561197985709704,76561198012234256
76561197985709704,76561198026642161
76561197985709704,76561198026909372
76561197985709704,76561198033110256
76561197985709704,76561198039736979
76561197985709704,76561198045235865
76561197985709704,76561198047761694
76561197985709704,76561198047852777
76561197985709704,76561198048239392
76561197985709704,76561198052028544
76561197985709704,76561198060496244
76561197985709704,76561198066101075
76561197985709704,76561198067092515
76561197985709704,76561198074500723
76561197985709704,76561198079782357
76561197985709704,76561198081106052
76561197985709704,76561198098104862
76561197985709704,76561198108538787
76561197985709704,76561198119144144
76561197985709704,76561198131339467
76561197985709704,76561198133983567
76561197985709704,76561198157660003
76561197985709704,76561198171278419
76561197985709704,76561198172568279
76561197985709704,76561198173607014
76561197985709704,76561198183540674
76561197985709704,76561198183601894
76561197985709704,76561198190105574
76561197985709704,76561198200288151
76561197985709704,76561198202793036
76561197985709704,76561198221775064
76561197985709704,76561198262332513
76561197985709704,76561198269125344
76561197985709704,76561198303768771
76561197985709704,76561198329315045
76561197985709704,76561198370300760
76561197985709704,76561198402813533
76561197985709704,76561198799440947
76561197985709704,76561198836839821
76561197985709704,76561199003702009
76561197985709704,76561199010329036
76561197985709704,76561199211061977
76561198007873411,76561197960461627
76561198007873411,76561197960531906
76561198007873411,76561197960779377
76561198007873411,76561197960873610
76561198007873411,76561197961880278
76561198007873411,76561197965005787
76561198007873411,76561197967165871
76561198007873411,76561197967775202
76561198007873411,76561197975251989
76561198007873411,76561197978412718
76561198007873411,76561197978836726
76561198007873411,76561197981855745
76561198007873411,76561197988450357
76561198007873411,76561198010895955
76561198007873411,76561198012234256
76561198007873411,76561198017114838
76561198007873411,76561198018668183
76561198007873411,76561198045242483
76561198007873411,76561198047762648
76561198007873411,76561198047852777
76561198007873411,76561198055556528
76561198007873411,76561198059308582
76561198007873411,76561198061664370
76561198007873411,76561198062459521
76561198007873411,76561198062931127
76561198007873411,76561198077564546
76561198007873411,76561198092980166
76561198007873411,76561198095507848
76561198007873411,76561198098440768
76561198007873411,76561198165359553
76561198007873411,76561198172568279
76561198007873411,76561198180110985
76561198007873411,76561198188489543
76561198007873411,76561198295665245
76561198007873411,76561198319631273
76561198007873411,76561198339820341
76561198015612471,76561197960461627
76561198015612471,76561197963628312
76561198015612471,76561197964808619
76561198015612471,76561197980528059
76561198015612471,76561198003385023
76561198015612471,76561198009547222
76561198015612471,76561198012266787
76561198015612471,76561198012359343
76561198015612471,76561198018571459
76561198015612471,76561198018663634
76561198015612471,76561198020698559
76561198015612471,76561198021175226
76561198015612471,76561198021886493
76561198015612471,76561198022501480
76561198015612471,76561198026459097
76561198015612471,76561198028322175
76561198015612471,76561198030718656
76561198015612471,76561198030860123
76561198015612471,76561198032166481
76561198015612471,76561198032352422
76561198015612471,76561198035965249
76561198015612471,76561198044908869
76561198015612471,76561198045123527
76561198015612471,76561198045363460
76561198015612471,76561198045811526
76561198015612471,76561198048201313
76561198015612471,76561198055421352
76561198015612471,76561198056535234
76561198015612471,76561198057003187
76561198015612471,76561198061987570
76561198015612471,76561198062821049
76561198015612471,76561198075538915
76561198015612471,76561198078910759
76561198015612471,76561198079210920
76561198015612471,76561198083072430
76561198015612471,76561198088095833
76561198015612471,76561198088761907
76561198015612471,76561198091832000
76561198015612471,76561198092990957
76561198015612471,76561198096596835
76561198015612471,76561198098129455
76561198015612471,76561198100364080
76561198015612471,76561198100639352
76561198015612471,76561198100697391
76561198015612471,76561198103823985
76561198015612471,76561198106300350
76561198015612471,76561198107375773
76561198015612471,76561198108256496
76561198015612471,76561198111483974
76561198015612471,76561198111648837
76561198015612471,76561198112585535
76561198015612471,76561198116253939
76561198015612471,76561198116645571
76561198015612471,76561198119426136
76561198015612471,76561198122151605
76561198015612471,76561198126615369
76561198015612471,76561198127880823
76561198015612471,76561198129111919
76561198015612471,76561198129471455
76561198015612471,76561198131504372
76561198015612471,76561198132285361
76561198015612471,76561198135022798
76561198015612471,76561198135865756
76561198015612471,76561198137477146
76561198015612471,76561198139437897
76561198015612471,76561198139539688
76561198015612471,76561198139743443
76561198015612471,76561198143947729
76561198015612471,76561198149804402
76561198015612471,76561198150039895
76561198015612471,76561198151616488
76561198015612471,76561198151880484
76561198015612471,76561198153556678
76561198015612471,76561198154289311
76561198015612471,76561198156384344
76561198015612471,76561198158453289
76561198015612471,76561198164155975
76561198015612471,76561198164353140
76561198015612471,76561198165260030
76561198015612471,76561198166593476
76561198015612471,76561198167315680
76561198015612471,76561198167954708
76561198015612471,76561198170967579
76561198015612471,76561198171629107
76561198015612471,76561198175115613
76561198015612471,76561198187954539
76561198015612471,76561198188044297
76561198015612471,76561198191457965
76561198015612471,76561198205170884
76561198015612471,76561198208269193
76561198015612471,76561198216271692
76561198015612471,76561198219309755
76561198015612471,76561198236665064
76561198015612471,76561198241288204
76561198015612471,76561198242738170
76561198015612471,76561198246447170
76561198015612471,76561198246623104
76561198015612471,76561198250362172
76561198015612471,76561198251153480
76561198015612471,76561198253586469
76561198015612471,76561198254315018
76561198015612471,76561198259321266
76561198015612471,76561198261541954
76561198015612471,76561198261914225
76561198015612471,76561198262771087
76561198015612471,76561198265006365
76561198015612471,76561198265052097
76561198015612471,76561198273908736
76561198015612471,76561198273947516
76561198015612471,76561198274940742
76561198015612471,76561198287435860
76561198015612471,76561198292776958
76561198015612471,76561198297197261
76561198015612471,76561198297679679
76561198015612471,76561198298071078
76561198015612471,76561198302690588
76561198015612471,76561198308238668
76561198015612471,76561198308669720
76561198015612471,76561198310321613
76561198015612471,76561198314425449
76561198015612471,76561198315307046
76561198015612471,76561198317183914
76561198015612471,76561198320160822
76561198015612471,76561198325131778
76561198015612471,76561198326988109
76561198015612471,76561198329467416
76561198015612471,76561198329601577
76561198015612471,76561198334113864
76561198015612471,76561198350779175
76561198015612471,76561198355314432
76561198015612471,76561198365299193
76561198015612471,76561198367427077
76561198015612471,76561198371643758
76561198015612471,76561198372050850
76561198015612471,76561198375474020
76561198015612471,76561198376993773
76561198015612471,76561198380493091
76561198015612471,76561198383950587
76561198015612471,76561198398660272
76561198015612471,76561198401936102
76561198015612471,76561198404742381
76561198015612471,76561198405440656
76561198015612471,76561198408020887
76561198015612471,76561198409877896
76561198015612471,76561198412311280
76561198015612471,76561198414945148
76561198015612471,76561198415286294
76561198015612471,76561198419433312
76561198015612471,76561198453719290
76561198015612471,76561198775703411
76561198015612471,76561198799381723
76561198015612471,76561198802486402
76561198015612471,76561198804602106
76561198015612471,76561198805669472
76561198015612471,76561198806242178
76561198015612471,76561198807063917
76561198015612471,76561198807598530
76561198015612471,76561198807797450
76561198015612471,76561198815606932
76561198015612471,76561198816767845
76561198015612471,76561198827971948
76561198015612471,76561198829406274
76561198015612471,76561198829487076
76561198015612471,76561198835600292
76561198015612471,76561198850776685
76561198015612471,76561198854007977
76561198015612471,76561198856807008
76561198015612471,76561198861648272
76561198015612471,76561198866906767
76561198015612471,76561198868483706
76561198015612471,76561198875345371
76561198015612471,76561198875685576
76561198015612471,76561198880480229
76561198015612471,76561198923416124
76561198015612471,76561198928259288
76561198015612471,76561198928894015
76561198015612471,76561198930340025
76561198015612471,76561198935224270
76561198015612471,76561198945788236
76561198015612471,76561198954789276
76561198015612471,76561198964489339
76561198015612471,76561198967911436
76561198015612471,76561198977380926
76561198015612471,76561198978294777
76561198015612471,76561198986981881
76561198015612471,76561199003551686
76561198015612471,76561199004654356
76561198015612471,76561199006586539
76561198015612471,76561199008825442
76561198015612471,76561199015147180
76561198015612471,76561199015989083
76561198015612471,76561199031788321
76561198015612471,76561199031943189
76561198015612471,76561199048149770
76561198015612471,76561199052966237
76561198015612471,76561199053642075
76561198015612471,76561199070762449
76561198015612471,76561199074740886
76561198015612471,76561199085004719
76561198015612471,76561199085356919
76561198015612471,76561199100731848
76561198015612471,76561199102842463
76561198015612471,76561199171591685
76561198015612471,76561199198224331
76561198015612471,76561199388179598
76561198015612471,76561199475032097
76561198015612471,76561199494772691
76561198015612471,76561199502190744
76561198015612471,76561199541193229
76561198019339829,76561197960461627
76561198019339829,76561197960660260
76561198019339829,76561197960695849
76561198019339829,76561197960875284
76561198019339829,76561197961020476
76561198019339829,76561197961399622
76561198019339829,76561197962155140
76561198019339829,76561197962535775
76561198019339829,76561197963728377
76561198019339829,76561197963897403
76561198019339829,76561197964771255
76561198019339829,76561197965439339
76561198019339829,76561197968160681
76561198019339829,76561197968175030
76561198019339829,76561197970091793
76561198019339829,76561197971956412
76561198019339829,76561197975454215
76561198019339829,76561197976049563
76561198019339829,76561197978174182
76561198019339829,76561197979106527
76561198019339829,76561197979250972
76561198019339829,76561197982490430
76561198019339829,76561197983271580
76561198019339829,76561197983587828
76561198019339829,76561197983626010
76561198019339829,76561197983860137
76561198019339829,76561197988310849
76561198019339829,76561197988450357
76561198019339829,76561197991285270
76561198019339829,76561197992610369
76561198019339829,76561197995068607
76561198019339829,76561197995625483
76561198019339829,76561197996550412
76561198019339829,76561197996666986
76561198019339829,76561197997794062
76561198019339829,76561197997820089
76561198019339829,76561197999921888
76561198019339829,76561198000342736
76561198019339829,76561198001222194
76561198019339829,76561198002519151
76561198019339829,76561198005913355
76561198019339829,76561198008358877
76561198019339829,76561198008391851
76561198019339829,76561198010833755
76561198019339829,76561198010895955
76561198019339829,76561198012234256
76561198019339829,76561198014521064
76561198019339829,76561198014751140
76561198019339829,76561198015075950
76561198019339829,76561198015125474
76561198019339829,76561198016668817
76561198019339829,76561198018525712
76561198019339829,76561198018722247
76561198019339829,76561198020015166
76561198019339829,76561198020361684
76561198019339829,76561198020837281
76561198019339829,76561198022175008
76561198019339829,76561198023184293
76561198019339829,76561198024760819
76561198019339829,76561198026527995
76561198019339829,76561198028043393
76561198019339829,76561198028205105
76561198019339829,76561198030036387
76561198019339829,76561198031753836
76561198019339829,76561198032577990
76561198019339829,76561198032944619
76561198019339829,76561198033345353
76561198019339829,76561198033993644
76561198019339829,76561198034268965
76561198019339829,76561198035610089
76561198019339829,76561198037481693
76561198019339829,76561198041343967
76561198019339829,76561198042578008
76561198019339829,76561198042696438
76561198019339829,76561198042817404
76561198019339829,76561198042911767
76561198019339829,76561198043899164
76561198019339829,76561198045235865
76561198019339829,76561198047852777
76561198019339829,76561198048239392
76561198019339829,76561198049851153
76561198019339829,76561198050279691
76561198019339829,76561198052384728
76561198019339829,76561198053508326
76561198019339829,76561198056748468
76561198019339829,76561198057698583
76561198019339829,76561198061263191
76561198019339829,76561198062459521
76561198019339829,76561198064312812
76561198019339829,76561198065091311
76561198019339829,76561198065814323
76561198019339829,76561198066424548
76561198019339829,76561198067097097
76561198019339829,76561198071034335
76561198019339829,76561198071427442
76561198019339829,76561198073950072
76561198019339829,76561198077586317
76561198019339829,76561198078870610
76561198019339829,76561198079404114
76561198019339829,76561198083482393
76561198019339829,76561198084582117
76561198019339829,76561198085177829
76561198019339829,76561198085784032
76561198019339829,76561198088407432
76561198019339829,76561198091274792
76561198019339829,76561198094291722
76561198019339829,76561198097014700
76561198019339829,76561198098736274
76561198019339829,76561198100875608
76561198019339829,76561198102658014
76561198019339829,76561198105083003
76561198019339829,76561198108029371
76561198019339829,76561198108538787
76561198019339829,76561198108775410
76561198019339829,76561198110989955
76561198019339829,76561198116182351
76561198019339829,76561198122361934
76561198019339829,76561198125905232
76561198019339829,76561198127119875
76561198019339829,76561198131259965
76561198019339829,76561198135658265
76561198019339829,76561198139074085
76561198019339829,76561198140067025
76561198019339829,76561198142267604
76561198019339829,76561198144187182
76561198019339829,76561198151619476
76561198019339829,76561198157691003
76561198019339829,76561198160763556
76561198019339829,76561198172568279
76561198019339829,76561198193530241
76561198019339829,76561198217188556
76561198019339829,76561198254070814
76561198019339829,76561198271888110
76561198019339829,76561198289041992
76561198019339829,76561198300385424
76561198019339829,76561198311325611
76561198019339829,76561198319631273
76561198019339829,76561198343146594
76561198019339829,76561198344545145
76561198019339829,76561198346232552
76561198019339829,76561198370300760
76561198019339829,76561198408743897
76561198019339829,76561198801516184
76561198019339829,76561198845214005
76561198019339829,76561198848736042
76561198019339829,76561199041445276
76561198019339829,76561199063461200
76561198019339829,76561199544238776
76561198031573530,76561197960303561
76561198031573530,76561197960428435
76561198031573530,76561197960432111
76561198031573530,76561197960444116
76561198031573530,76561197960461627
76561198031573530,76561197960555278
76561198031573530,76561197961795976
76561198031573530,76561197962145110
76561198031573530,76561197962855390
76561198031573530,76561197963055274
76561198031573530,76561197963232632
76561198031573530,76561197963849181
76561198031573530,76561197964394935
76561198031573530,76561197964633647
76561198031573530,76561197965258869
76561198031573530,76561197966483850
76561198031573530,76561197967819014
76561198031573530,76561197968997932
76561198031573530,76561197974227636
76561198031573530,76561197977078324
76561198031573530,76561197979871478
76561198031573530,76561197980461108
76561198031573530,76561197981820200
76561198031573530,76561197983860137
76561198031573530,76561197983887290
76561198031573530,76561197984182762
76561198031573530,76561197985671569
76561198031573530,76561197986657575
76561198031573530,76561197987590710
76561198031573530,76561197989495961
76561198031573530,76561197995279555
76561198031573530,76561197996185593
76561198031573530,76561197997895089
76561198031573530,76561198001443078
76561198031573530,76561198003191156
76561198031573530,76561198003993979
76561198031573530,76561198004272785
76561198031573530,76561198004706418
76561198031573530,76561198005121263
76561198031573530,76561198006280280
76561198031573530,76561198009044881
76561198031573530,76561198011907765
76561198031573530,76561198013302238
76561198031573530,76561198016550292
76561198031573530,76561198020043069
76561198031573530,76561198021615537
76561198031573530,76561198022293247
76561198031573530,76561198027486683
76561198031573530,76561198029428459
76561198031573530,76561198029975643
76561198031573530,76561198030299984
76561198031573530,76561198031160815
76561198031573530,76561198031409759
76561198031573530,76561198031948592
76561198031573530,76561198032738381
76561198031573530,76561198033732882
76561198031573530,76561198033764983
76561198031573530,76561198034309871
76561198031573530,76561198034999316
76561198031573530,76561198035475193
76561198031573530,76561198036384792
76561198031573530,76561198038185143
76561198031573530,76561198040252625
76561198031573530,76561198040852360
76561198031573530,76561198041116399
76561198031573530,76561198041319683
76561198031573530,76561198041540368
76561198031573530,76561198041712145
76561198031573530,76561198042707640
76561198031573530,76561198042990886
76561198031573530,76561198043196791
76561198031573530,76561198043284306
76561198031573530,76561198043624988
76561198031573530,76561198045220660
76561198031573530,76561198045358903
76561198031573530,76561198045396035
76561198031573530,76561198046118514
76561198031573530,76561198046183725
76561198031573530,76561198046430243
76561198031573530,76561198046969894
76561198031573530,76561198047199301
76561198031573530,76561198048668540
76561198031573530,76561198051144925
76561198031573530,76561198053042255
76561198031573530,76561198053585473
76561198031573530,76561198054074230
76561198031573530,76561198055064144
76561198031573530,76561198056029273
76561198031573530,76561198057531079
76561198031573530,76561198058104610
76561198031573530,76561198059124176
76561198031573530,76561198061110949
76561198031573530,76561198061330831
76561198031573530,76561198062130090
76561198031573530,76561198062459521
76561198031573530,76561198064277964
76561198031573530,76561198067169603
76561198031573530,76561198072821582
76561198031573530,76561198074520130
76561198031573530,76561198074716693
76561198031573530,76561198074901939
76561198031573530,76561198078834079
76561198031573530,76561198080064353
76561198031573530,76561198081526148
76561198031573530,76561198091391467
76561198031573530,76561198098301418
76561198031573530,76561198100188482
76561198031573530,76561198101359734
76561198031573530,76561198104383632
76561198031573530,76561198113354037
76561198031573530,76561198120560666
76561198031573530,76561198125531496
76561198031573530,76561198135589864
76561198031573530,76561198141792003
76561198031573530,76561198146299431
76561198031573530,76561198167095296
76561198031573530,76561198204208293
76561198031573530,76561198211641869
76561198031573530,76561198257904920
76561198031573530,76561198398676193
76561198031573530,76561198790457046
76561198031573530,76561199060376289
76561198031573530,76561199387970278
76561198042382546,76561197960461627
76561198042382546,76561197960481144
76561198042382546,76561197963515383
76561198042382546,76561197963636167
76561198042382546,76561197966858734
76561198042382546,76561197967253005
76561198042382546,76561197967281778
76561198042382546,76561197967508504
76561198042382546,76561197974995398
76561198042382546,76561197975997783
76561198042382546,76561197977252976
76561198042382546,76561197978550089
76561198042382546,76561197980551015
76561198042382546,76561197983860137
76561198042382546,76561197984623207
76561198042382546,76561197986826299
76561198042382546,76561197987756341
76561198042382546,76561197988341216
76561198042382546,76561197988696122
76561198042382546,76561197988763550
76561198042382546,76561197988825750
76561198042382546,76561197988930204
76561198042382546,76561197991099241
76561198042382546,76561197991357947
76561198042382546,76561197993505386
76561198042382546,76561197994604945
76561198042382546,76561197995649955
76561198042382546,76561197996012911
76561198042382546,76561197997582343
76561198042382546,76561197999522041
76561198042382546,76561198003752547
76561198042382546,76561198005960602
76561198042382546,76561198007385916
76561198042382546,76561198009369212
76561198042382546,76561198010171359
76561198042382546,76561198010561736
76561198042382546,76561198013170945
76561198042382546,76561198016778308
76561198042382546,76561198018322993
76561198042382546,76561198018822937
76561198042382546,76561198021971813
76561198042382546,76561198026683535
76561198042382546,76561198028238562
76561198042382546,76561198029428459
76561198042382546,76561198032332229
76561198042382546,76561198033627778
76561198042382546,76561198038734364
76561198042382546,76561198041240014
76561198042382546,76561198042279431
76561198042382546,76561198042371959
76561198042382546,76561198042392765
76561198042382546,76561198042766091
76561198042382546,76561198042995064
76561198042382546,76561198044907305
76561198042382546,76561198045850405
76561198042382546,76561198046024799
76561198042382546,76561198047577248
76561198042382546,76561198055480430
76561198042382546,76561198056420778
76561198042382546,76561198060578623
76561198042382546,76561198062598923
76561198042382546,76561198063643791
76561198042382546,76561198067285313
76561198042382546,76561198068079139
76561198042382546,76561198068538621
76561198042382546,76561198069971648
76561198042382546,76561198070156840
76561198042382546,76561198071004715
76561198042382546,76561198071340524
76561198042382546,76561198073130537
76561198042382546,76561198073782942
76561198042382546,76561198073989935
76561198042382546,76561198074858409
76561198042382546,76561198075449771
76561198042382546,76561198076248472
76561198042382546,76561198077214002
76561198042382546,76561198077830238
76561198042382546,76561198080241799
76561198042382546,76561198084659994
76561198042382546,76561198088363549
76561198042382546,76561198088415163
76561198042382546,76561198089641343
76561198042382546,76561198091170422
76561198042382546,76561198091242614
76561198042382546,76561198091899991
76561198042382546,76561198092237004
76561198042382546,76561198093153404
76561198042382546,76561198093238829
76561198042382546,76561198100870221
76561198042382546,76561198104346764
76561198042382546,76561198106322777
76561198042382546,76561198109184424
76561198042382546,76561198112161244
76561198042382546,76561198112343423
76561198042382546,76561198114866046
76561198042382546,76561198115969215
76561198042382546,76561198116268183
76561198042382546,76561198116437712
76561198042382546,76561198117290546
76561198042382546,76561198118675672
76561198042382546,76561198120628150
76561198042382546,76561198125972000
76561198042382546,76561198127840776
76561198042382546,76561198128083569
76561198042382546,76561198129842424
76561198042382546,76561198133201990
76561198042382546,76561198133956430
76561198042382546,76561198134421171
76561198042382546,76561198136817926
76561198042382546,76561198138128261
76561198042382546,76561198139139712
76561198042382546,76561198140293399
76561198042382546,76561198142013175
76561198042382546,76561198142074514
76561198042382546,76561198142238102
76561198042382546,76561198142387882
76561198042382546,76561198142414963
76561198042382546,76561198146669562
76561198042382546,76561198150205879
76561198042382546,76561198150429876
76561198042382546,76561198150466694
76561198042382546,76561198154005802
76561198042382546,76561198154798618
76561198042382546,76561198155017193
76561198042382546,76561198155700156
76561198042382546,76561198157535327
76561198042382546,76561198160082514
76561198042382546,76561198160109766
76561198042382546,76561198161116210
76561198042382546,76561198162411197
76561198042382546,76561198163192764
76561198042382546,76561198163943400
76561198042382546,76561198164083105
76561198042382546,76561198164158077
76561198042382546,76561198164791192
76561198042382546,76561198166530399
76561198042382546,76561198169666288
76561198042382546,76561198171993521
76561198042382546,76561198176309226
76561198042382546,76561198177088273
76561198042382546,76561198178396115
76561198042382546,76561198178460811
76561198042382546,76561198183854231
76561198042382546,76561198184110401
76561198042382546,76561198185243385
76561198042382546,76561198188722813
76561198042382546,76561198189066229
76561198042382546,76561198189653215
76561198042382546,76561198190956310
76561198042382546,76561198192187013
76561198042382546,76561198193561541
76561198042382546,76561198194988937
76561198042382546,76561198195897169
76561198042382546,76561198196024870
76561198042382546,76561198196876473
76561198042382546,76561198197760974
76561198042382546,76561198198115539
76561198042382546,76561198203967851
76561198042382546,76561198207282064
76561198042382546,76561198209199684
76561198042382546,76561198210215005
76561198042382546,76561198210808529
76561198042382546,76561198213803509
76561198042382546,76561198217115916
76561198042382546,76561198218155209
76561198042382546,76561198219044941
76561198042382546,76561198230525876
76561198042382546,76561198230964816
76561198042382546,76561198233105452
76561198042382546,76561198233450548
76561198042382546,76561198236445138
76561198042382546,76561198245776548
76561198042382546,76561198256480479
76561198042382546,76561198261694827
76561198042382546,76561198262522908
76561198042382546,76561198263008319
76561198042382546,76561198263541925
76561198042382546,76561198271279550
76561198042382546,76561198271355191
76561198042382546,76561198272978982
76561198042382546,76561198272994063
76561198042382546,76561198274822806
76561198042382546,76561198276055257
76561198042382546,76561198279784099
76561198042382546,76561198280692183
76561198042382546,76561198281467643
76561198042382546,76561198282483447
76561198042382546,76561198285682737
76561198042382546,76561198289969746
76561198042382546,76561198291611193
76561198042382546,76561198292922472
76561198042382546,76561198294261389
76561198042382546,76561198295015365
76561198042382546,76561198300906652
76561198042382546,76561198300943346
76561198042382546,76561198311504185
76561198042382546,76561198311917954
76561198042382546,76561198316064625
76561198042382546,76561198330235588
76561198042382546,76561198334309999
76561198042382546,76561198334511817
76561198042382546,76561198344651964
76561198042382546,76561198345360011
76561198042382546,76561198352145354
76561198042382546,76561198357067868
76561198042382546,76561198360538395
76561198042382546,76561198361779452
76561198042382546,76561198362424657
76561198042382546,76561198365199845
76561198042382546,76561198372419645
76561198042382546,76561198380787299
76561198042382546,76561198382548941
76561198042382546,76561198387011623
76561198042382546,76561198392584751
76561198042382546,76561198399132519
76561198042382546,76561198420781151
76561198042382546,76561198438991539
76561198042382546,76561198449090598
76561198042382546,76561198449139971
76561198042382546,76561198449995318
76561198042382546,76561198772552074
76561198042382546,76561198802555942
76561198042382546,76561198811180282
76561198042382546,76561198813141966
76561198042382546,76561198813157272
76561198042382546,76561198815901141
76561198042382546,76561198820361761
76561198042382546,76561198827943819
76561198042382546,76561198830823242
76561198042382546,76561198835531914
76561198042382546,76561198850077446
76561198042382546,76561198854414040
76561198042382546,76561198863986333
76561198042382546,76561198872810088
76561198042382546,76561198873317074
76561198042382546,76561198880580554
76561198042382546,76561198897011616
76561198042382546,76561198963061765
76561198042382546,76561198965813868
76561198042382546,76561198973191233
76561198042382546,76561198981427639
76561198042382546,76561198983017881
76561198042382546,76561198984906936
76561198042382546,76561198985166277
76561198042382546,76561198990435018
76561198042382546,76561198991744662
76561198042382546,76561198999229443
76561198042382546,76561199023875100
76561198042382546,76561199026805493
76561198042382546,76561199032160771
76561198042382546,76561199053841201
76561198042382546,76561199060740389
76561198042382546,76561199075238059
76561198042382546,76561199093224474
76561198042382546,76561199103655893
76561198042382546,76561199125727752
76561198042382546,76561199125880202
76561198042382546,76561199129511513
76561198042382546,76561199130724849
76561198042382546,76561199138300328
76561198042382546,76561199151221863
76561198042382546,76561199153470560
76561198042382546,76561199161281210
76561198042382546,76561199180866178
76561198042382546,76561199184374800
76561198042382546,76561199193997466
76561198042382546,76561199385340427
76561198042382546,76561199389080322
76561198042382546,76561199404743693
76561198042382546,76561199434040063
76561198042382546,76561199484017959
76561198042382546,76561199808844173
76561198042382546,76561199829221351
76561198042382546,76561199844691056
76561198042382546,76561199870518223
76561198045396035,76561197960389995
76561198045396035,76561197960400112
76561198045396035,76561197960401175
76561198045396035,76561197960416446
76561198045396035,76561197960432902
76561198045396035,76561197960440352
76561198045396035,76561197960461627
76561198045396035,76561197960660260
76561198045396035,76561197960695849
76561198045396035,76561197960868289
76561198045396035,76561197961165022
76561198045396035,76561197961535725
76561198045396035,76561197961578182
76561198045396035,76561197961637628
76561198045396035,76561197962060186
76561198045396035,76561197962284791
76561198045396035,76561197962747721
76561198045396035,76561197963232632
76561198045396035,76561197963344491
76561198045396035,76561197963644753
76561198045396035,76561197963762096
76561198045396035,76561197963768492
76561198045396035,76561197964598405
76561198045396035,76561197964923095
76561198045396035,76561197965486283
76561198045396035,76561197967577347
76561198045396035,76561197967669943
76561198045396035,76561197967740746
76561198045396035,76561197967775326
76561198045396035,76561197967996344
76561198045396035,76561197968106050
76561198045396035,76561197968112483
76561198045396035,76561197969357613
76561198045396035,76561197970081795
76561198045396035,76561197974842819
76561198045396035,76561197978463503
76561198045396035,76561197979131594
76561198045396035,76561197979353198
76561198045396035,76561197980794545
76561198045396035,76561197981355447
76561198045396035,76561197982995400
76561198045396035,76561197983455064
76561198045396035,76561197983516530
76561198045396035,76561197984182762
76561198045396035,76561197985020928
76561198045396035,76561197985671569
76561198045396035,76561197986111781
76561198045396035,76561197987670988
76561198045396035,76561197990595006
76561198045396035,76561197992361417
76561198045396035,76561197993997363
76561198045396035,76561197994154671
76561198045396035,76561197994183885
76561198045396035,76561197997709979
76561198045396035,76561197997917424
76561198045396035,76561197998258161
76561198045396035,76561197998957106
76561198045396035,76561198000548863
76561198045396035,76561198001073069
76561198045396035,76561198001443078
76561198045396035,76561198003993979
76561198045396035,76561198008258847
76561198045396035,76561198009044881
76561198045396035,76561198021556289
76561198045396035,76561198022293247
76561198045396035,76561198023456348
76561198045396035,76561198025134446
76561198045396035,76561198027755947
76561198045396035,76561198027758456
76561198045396035,76561198029790646
76561198045396035,76561198029975643
76561198045396035,76561198031160815
76561198045396035,76561198031573530
76561198045396035,76561198031614256
76561198045396035,76561198031948592
76561198045396035,76561198032323503
76561198045396035,76561198036128223
76561198045396035,76561198038024783
76561198045396035,76561198038185143
76561198045396035,76561198039184774
76561198045396035,76561198039437865
76561198045396035,76561198039607805
76561198045396035,76561198040956774
76561198045396035,76561198040988027
76561198045396035,76561198041007561
76561198045396035,76561198041373911
76561198045396035,76561198041540368
76561198045396035,76561198041792026
76561198045396035,76561198043196791
76561198045396035,76561198043624988
76561198045396035,76561198044526557
76561198045396035,76561198044957471
76561198045396035,76561198046324010
76561198045396035,76561198046802438
76561198045396035,76561198047709136
76561198045396035,76561198047750208
76561198045396035,76561198050718017
76561198045396035,76561198051144925
76561198045396035,76561198052999283
76561198045396035,76561198053100163
76561198045396035,76561198054133372
76561198045396035,76561198056009398
76561198045396035,76561198056029273
76561198045396035,76561198057788104
76561198045396035,76561198058018764
76561198045396035,76561198058594541
76561198045396035,76561198059779575
76561198045396035,76561198061330831
76561198045396035,76561198062192231
76561198045396035,76561198062459521
76561198045396035,76561198064599364
76561198045396035,76561198069819693
76561198045396035,76561198070479561
76561198045396035,76561198072481069
76561198045396035,76561198076527286
76561198045396035,76561198076773355
76561198045396035,76561198081165584
76561198045396035,76561198090757350
76561198045396035,76561198092067787
76561198045396035,76561198101917497
76561198045396035,76561198103767002
76561198045396035,76561198120462209
76561198045396035,76561198125428373
76561198045396035,76561198130269532
76561198045396035,76561198134323387
76561198045396035,76561198135649522
76561198045396035,76561198143496621
76561198045396035,76561198154417039
76561198045396035,76561198156237028
76561198045396035,76561198164690403
76561198045396035,76561198176517707
76561198045396035,76561198245740572
76561198045396035,76561198266688061
76561198045396035,76561198333768486
76561198045396035,76561198861897311
76561198045396035,76561198877731393
76561198045396035,76561198956661935
76561198045396035,76561199066339830
76561198045396035,76561199116556408
76561198045396035,76561199369371340
76561198045396035,76561199790553737
76561198045396035,76561199833851285
